{"cameraMode":{"drawMode":0,"name":"Shaded","section":"Shading Mode"},"sceneLighting":true,"audioPlay":false,"sceneViewState":{"m_AlwaysRefresh":false,"showFog":true,"showSkybox":true,"showFlares":true,"showImageEffects":true,"showParticleSystems":true,"showVisualEffectGraphs":true,"m_FxEnabled":true},"in2DMode":false,"pivot":{"x":-0.5626571774482727,"y":-0.6759116649627686,"z":0.8317597508430481},"rotation":{"x":0.7886175513267517,"y":-0.04071151092648506,"z":0.052519772201776507,"w":0.6112884879112244},"size":4.189516544342041,"orthographic":true}