{"cameraMode":{"drawMode":0,"name":"Shaded","section":"Shading Mode"},"sceneLighting":true,"audioPlay":false,"sceneViewState":{"m_AlwaysRefresh":false,"showFog":true,"showSkybox":true,"showFlares":true,"showImageEffects":true,"showParticleSystems":true,"showVisualEffectGraphs":true,"m_FxEnabled":true},"in2DMode":false,"pivot":{"x":0.21617121994495393,"y":-0.05130946636199951,"z":0.8916271924972534},"rotation":{"x":0.6939088702201843,"y":0.0010792100802063943,"z":-0.001041938434354961,"w":0.7200716733932495},"size":0.2606710195541382,"orthographic":true}